rev_id,auto_labeled,damaging,goodfaith,rev_link,username,anonymous,first_edit_time,edit_years,label_damage,damagescore,label_faith,confidence_faith
633643021,False,True,True,https://en.wikipedia.org/w/index.php?oldid=633643021,88.119.144.62,True,"09:41, 10 March 2014",6.0,True,0.9658074373154504,False,0.2560679937147264
637329379,False,True,True,https://en.wikipedia.org/w/index.php?oldid=637329379,5.103.14.10,True,"15:20, 9 December 2014",6.0,True,0.7404933357035803,True,0.6790493267907357
637571720,False,True,True,https://en.wikipedia.org/w/index.php?oldid=637571720,72.80.141.196,True,"03:17, 11 December 2014",6.0,True,0.8490604852108267,True,0.5258670015575566
607528419,False,True,False,https://en.wikipedia.org/w/index.php?oldid=607528419,176.25.59.160,True,"20:02, 7 May 2014",6.0,True,0.8759987038048492,False,0.1519208058926068
614798594,False,True,True,https://en.wikipedia.org/w/index.php?oldid=614798594,Historyexpert2050,False,"16:09, 25 June 2014",6.0,True,0.737783444582385,True,0.6999084994849064
654204016,False,True,True,https://en.wikipedia.org/w/index.php?oldid=654204016,120.59.164.58,True,"16:35, 30 March 2015",5.0,False,0.4972840827191218,True,0.8188239648106994
628757039,False,True,False,https://en.wikipedia.org/w/index.php?oldid=628757039,14.139.241.194,True,"05:23, 23 October 2011",9.0,True,0.8750255321774867,False,0.11013965457215312
644139288,False,True,False,https://en.wikipedia.org/w/index.php?oldid=644139288,72.229.218.230,True,"19:17, 25 January 2015",5.0,True,0.629845245417452,False,0.4107474136335689
644664561,False,True,True,https://en.wikipedia.org/w/index.php?oldid=644664561,210.210.12.202,True,"06:53, 7 May 2007",13.0,True,0.7274773826264084,True,0.7222820466291625
627749232,False,True,True,https://en.wikipedia.org/w/index.php?oldid=627749232,75.175.60.33,True,"00:11, 1 October 2014",6.0,True,0.9136348120702464,False,0.26560815341521266
630728711,False,True,False,https://en.wikipedia.org/w/index.php?oldid=630728711,217.23.69.206,True,"17:00, 15 February 2011",9.0,True,0.8918330501822935,False,0.1281845323067498
610023266,False,True,False,https://en.wikipedia.org/w/index.php?oldid=610023266,70.194.162.224,True,"03:15, 25 May 2014",6.0,True,0.9663584613367662,False,0.03725412957178903
637178362,False,True,False,https://en.wikipedia.org/w/index.php?oldid=637178362,Sizzle808mafiacb,False,"15:35, 8 December 2014",6.0,True,0.885820454229628,False,0.08230224709402557
642618993,False,True,False,https://en.wikipedia.org/w/index.php?oldid=642618993,Malaysiana85,False,"15:41, 31 August 2012",8.0,False,0.3431088713333577,True,0.7504965420978039
636645346,False,True,True,https://en.wikipedia.org/w/index.php?oldid=636645346,SuperAwesomeStitch007,False,"19:02, 4 December 2014",6.0,True,0.7455036960701646,True,0.8910550241012503
621749682,False,True,True,https://en.wikipedia.org/w/index.php?oldid=621749682,Riapatel1,False,"09:24, 18 August 2014",6.0,True,0.8558522282571603,True,0.6592490587901806
626024652,False,True,False,https://en.wikipedia.org/w/index.php?oldid=626024652,Tintin007b,False,"14:53, 22 May 2008",12.0,True,0.553544225453471,False,0.3819426440878266
612392595,False,True,True,https://en.wikipedia.org/w/index.php?oldid=612392595,Koreyfjfjjxjfjd,False,"18:46, 10 June 2014",6.0,True,0.7318071272777674,True,0.7221230947625529
628409174,False,True,False,https://en.wikipedia.org/w/index.php?oldid=628409174,8.37.226.58,True,"11:09, 2 April 2014",6.0,True,0.6914316061121333,False,0.3204059173549072
651809739,False,True,False,https://en.wikipedia.org/w/index.php?oldid=651809739,70.89.56.150,True,"14:49, 4 April 2006",14.0,True,0.9665733502962924,False,0.02641067585601273
631400586,False,True,True,https://en.wikipedia.org/w/index.php?oldid=631400586,147.70.56.156,True,"00:45, 28 October 2014",6.0,True,0.8026913433132451,True,0.951012059620476
611836276,False,True,True,https://en.wikipedia.org/w/index.php?oldid=611836276,95.172.74.47,True,"09:51, 2 November 2013",7.0,True,0.7190501164079715,True,0.8419381583766054
633561562,False,True,False,https://en.wikipedia.org/w/index.php?oldid=633561562,207.163.116.23,True,"16:33, 2 December 2011",9.0,True,0.9632332072523536,False,0.04546580502748885
636834299,False,True,False,https://en.wikipedia.org/w/index.php?oldid=636834299,75.89.48.251,True,"02:00, 6 December 2014",6.0,True,0.9492178263615452,False,0.046990499670134016
619505555,False,True,True,https://en.wikipedia.org/w/index.php?oldid=619505555,Subhirocks1,False,"04:05, 5 February 2014",6.0,True,0.5977169139093599,True,0.9722186476944708
620913540,False,True,False,https://en.wikipedia.org/w/index.php?oldid=620913540,92.99.134.164,True,"13:24, 12 August 2014",6.0,True,0.5763512270065835,False,0.4738828073665224
607600285,False,True,False,https://en.wikipedia.org/w/index.php?oldid=607600285,Cadradcas,False,"08:19, 8 May 2014",6.0,True,0.9827039908399752,False,0.01717199604580993
637955662,False,True,False,https://en.wikipedia.org/w/index.php?oldid=637955662,Prodigyinfo,False,"02:02, 12 December 2014",6.0,True,0.7640676880825046,False,0.22297767062223192
655970607,False,True,True,https://en.wikipedia.org/w/index.php?oldid=655970607,Actuallyjenniferbanko,False,"13:37, 11 April 2015",5.0,True,0.790767606713831,True,0.9176487840835279
646066126,False,True,False,https://en.wikipedia.org/w/index.php?oldid=646066126,79.112.193.36,True,"18:08, 7 February 2015",5.0,True,0.7988656005398072,False,0.222245263582898
623179929,False,True,False,https://en.wikipedia.org/w/index.php?oldid=623179929,SheldonP101,False,"10:48, 21 August 2014",6.0,True,0.7952710744367694,False,0.23333596472405085
653125483,False,True,True,https://en.wikipedia.org/w/index.php?oldid=653125483,ECW28,False,"21:03, 18 September 2012",8.0,True,0.5717350782844217,True,0.9664002563618946
615100451,False,True,False,https://en.wikipedia.org/w/index.php?oldid=615100451,49.145.64.42,True,"02:39, 1 July 2014",6.0,True,0.9250137437841504,False,0.09006697464550119
654258748,False,True,False,https://en.wikipedia.org/w/index.php?oldid=654258748,Samantha_Hong,False,"00:01, 31 March 2015",5.0,True,0.7989747129784831,False,0.1612690310104894
619861485,False,True,False,https://en.wikipedia.org/w/index.php?oldid=619861485,90.192.18.205,True,"19:50, 4 August 2014",6.0,True,0.6067575568357744,True,0.5119184076572989
639473916,False,True,False,https://en.wikipedia.org/w/index.php?oldid=639473916,81.132.255.107,True,"13:57, 24 December 2014",6.0,True,0.7606885075798583,False,0.20344545398092104
611447748,False,True,False,https://en.wikipedia.org/w/index.php?oldid=611447748,50.36.183.223,True,"23:29, 3 June 2014",6.0,True,0.927989752181177,False,0.07968196275532839
613206096,False,True,False,https://en.wikipedia.org/w/index.php?oldid=613206096,MJJJFFF,False,"23:08, 16 June 2014",6.0,True,0.9333000516434734,False,0.07338658825002464
650569796,False,True,True,https://en.wikipedia.org/w/index.php?oldid=650569796,203.87.173.50,True,"12:57, 27 August 2013",7.0,True,0.88684698396064,False,0.2862313300546027
607139849,False,True,False,https://en.wikipedia.org/w/index.php?oldid=607139849,189.252.251.217,True,"22:51, 3 May 2014",6.0,True,0.8692609923698044,False,0.2574763906632999
628118185,False,True,False,https://en.wikipedia.org/w/index.php?oldid=628118185,206.78.216.94,True,"21:07, 27 March 2007",13.0,True,0.6909904135884329,False,0.3005219761190652
624735218,False,True,False,https://en.wikipedia.org/w/index.php?oldid=624735218,Killerrocks123,False,"23:34, 8 September 2014",6.0,True,0.9279093318810168,False,0.061894090457657674
647187131,False,True,True,https://en.wikipedia.org/w/index.php?oldid=647187131,Suttonecu,False,"02:28, 11 February 2015",5.0,True,0.7275257090992813,True,0.962965411661247
616108638,False,True,False,https://en.wikipedia.org/w/index.php?oldid=616108638,82.13.175.114,True,"18:00, 21 March 2014",6.0,True,0.7678800870694585,False,0.26707931869637325
651764327,False,True,False,https://en.wikipedia.org/w/index.php?oldid=651764327,217.114.169.244,True,"11:24, 16 November 2014",6.0,True,0.8065628167990662,False,0.16512153498035484
623470472,False,True,False,https://en.wikipedia.org/w/index.php?oldid=623470472,109.166.140.53,True,"19:42, 10 March 2011",9.0,True,0.9298624231706102,False,0.06251617651582768
639210119,False,True,False,https://en.wikipedia.org/w/index.php?oldid=639210119,Hallmark_Channel,False,"05:46, 2 December 2014",6.0,True,0.8937638229165702,False,0.09792672915428058
628866295,False,True,True,https://en.wikipedia.org/w/index.php?oldid=628866295,Jon2guevarra,False,"05:30, 4 April 2008",12.0,True,0.8435706294248799,True,0.9939018064788598
656314483,False,True,False,https://en.wikipedia.org/w/index.php?oldid=656314483,173.27.148.214,True,"18:30, 13 April 2015",5.0,True,0.6514084479034751,False,0.3322553423258216
606786863,False,True,False,https://en.wikipedia.org/w/index.php?oldid=606786863,AaronH1998(),False,"16:22, 2 May 2014",6.0,True,0.7176944578536973,False,0.32329816137146605
622695531,False,True,False,https://en.wikipedia.org/w/index.php?oldid=622695531,Thechickenchaser,False,"04:26, 25 August 2014",6.0,True,0.9189798692982344,False,0.14348864409040998
612764376,False,True,False,https://en.wikipedia.org/w/index.php?oldid=612764376,Lacunae,False,"16:15, 26 December 2005",15.0,True,0.7969803728442955,False,0.18353682608986246
608706647,False,True,False,https://en.wikipedia.org/w/index.php?oldid=608706647,103.18.72.151,True,"16:27, 15 May 2014",6.0,True,0.7999382487321727,False,0.2629517285133575
634628259,False,True,False,https://en.wikipedia.org/w/index.php?oldid=634628259,202.183.32.19,True,"09:39, 11 January 2014",6.0,True,0.8137722951477164,False,0.1871330293187363
638518044,False,True,False,https://en.wikipedia.org/w/index.php?oldid=638518044,158.222.94.194,True,"19:37, 19 September 2014",6.0,True,0.9326328083752484,False,0.03983052331901736
636481410,False,True,False,https://en.wikipedia.org/w/index.php?oldid=636481410,199.216.105.226,True,"16:32, 25 September 2014",6.0,True,0.8062647156968267,False,0.21313392848310792
652735334,False,True,False,https://en.wikipedia.org/w/index.php?oldid=652735334,50.204.193.130,True,"21:51, 15 May 2014",6.0,True,0.8838802564350039,False,0.09985311938110313
641550282,False,True,False,https://en.wikipedia.org/w/index.php?oldid=641550282,209.171.159.237,True,"08:39, 8 January 2015",5.0,True,0.8452140545707416,False,0.16415968916431986
614916632,False,True,False,https://en.wikipedia.org/w/index.php?oldid=614916632,2602:306:cede:740:ec46:3cda:4d23:f690,True,"18:43, 29 June 2014",6.0,True,0.8294741719086524,False,0.14131075687486264
636633217,False,True,False,https://en.wikipedia.org/w/index.php?oldid=636633217,120.62.160.233,True,"20:22, 7 August 2009",11.0,True,0.7630042260692108,False,0.1894551351115043
629865957,False,True,False,https://en.wikipedia.org/w/index.php?oldid=629865957,Radoslaw_jankowski,False,"15:20, 16 October 2014",6.0,True,0.9708742239108068,False,0.027909107860175118
640480610,False,True,False,https://en.wikipedia.org/w/index.php?oldid=640480610,Alexatnt,False,"09:03, 16 November 2009",11.0,True,0.8361498067304641,False,0.20446217530234456
616404139,False,True,False,https://en.wikipedia.org/w/index.php?oldid=616404139,71.81.154.36,True,"17:15, 10 July 2014",6.0,True,0.9255168472513656,False,0.06686041207434959
655035918,False,True,True,https://en.wikipedia.org/w/index.php?oldid=655035918,37.38.121.33,True,"12:00, 5 April 2015",5.0,True,0.5358702594133825,True,0.8501333088949745
637437812,False,True,False,https://en.wikipedia.org/w/index.php?oldid=637437812,71.239.172.110,True,"05:52, 1 September 2013",7.0,True,0.9276916909355,False,0.05379077855808702
635983882,False,True,False,https://en.wikipedia.org/w/index.php?oldid=635983882,50.67.0.82,True,"03:51, 30 November 2014",6.0,True,0.8550147109674433,False,0.15378816905013046
656068880,False,True,False,https://en.wikipedia.org/w/index.php?oldid=656068880,Krmrs123,False,"17:01, 9 April 2015",5.0,True,0.8412469569563785,False,0.20377512257919164
648909264,False,True,True,https://en.wikipedia.org/w/index.php?oldid=648909264,81.130.62.145,True,"18:59, 24 February 2015",5.0,True,0.9237927268474068,True,0.9564464932373532
645907785,False,True,False,https://en.wikipedia.org/w/index.php?oldid=645907785,Whitneynelson,False,"15:53, 6 February 2015",5.0,True,0.8770239311872883,False,0.17918758111898875
621666815,False,True,False,https://en.wikipedia.org/w/index.php?oldid=621666815,Nightphoenix90,False,"23:16, 15 May 2013",7.0,False,0.3918651198781273,True,0.5409457981107552
635825044,False,True,True,https://en.wikipedia.org/w/index.php?oldid=635825044,73.37.185.241,True,"15:37, 19 August 2014",6.0,True,0.8522720493310326,False,0.4288356436054139
628704860,False,True,True,https://en.wikipedia.org/w/index.php?oldid=628704860,Western469,False,"13:31, 5 July 2014",6.0,False,0.2582432705263508,True,0.9733753302589522
607488985,False,True,True,https://en.wikipedia.org/w/index.php?oldid=607488985,Inside99,False,"14:39, 5 February 2014",6.0,True,0.8840863918918783,True,0.9452451273130038
656204583,False,True,True,https://en.wikipedia.org/w/index.php?oldid=656204583,2600:1006:b16f:48a2:14e8:c473:9b00:7111,True,"03:07, 6 April 2015",5.0,True,0.6815224469580634,True,0.7249864727528299
628854373,False,True,False,https://en.wikipedia.org/w/index.php?oldid=628854373,99.90.9.20,True,"23:20, 8 October 2014",6.0,True,0.8179690675942637,False,0.2432820936524433
608416388,False,True,True,https://en.wikipedia.org/w/index.php?oldid=608416388,Jaket1000,False,"17:27, 13 May 2014",6.0,True,0.7472265398211074,True,0.8886363837275961
651428917,False,True,False,https://en.wikipedia.org/w/index.php?oldid=651428917,1.123.138.46,True,"03:21, 15 March 2015",5.0,True,0.8268747075139272,False,0.17235040693362064
618695642,False,True,False,https://en.wikipedia.org/w/index.php?oldid=618695642,175.144.191.181,True,"17:13, 27 July 2014",6.0,True,0.952528293377496,False,0.06659989591974518
653953942,False,True,False,https://en.wikipedia.org/w/index.php?oldid=653953942,2.223.136.165,True,"22:30, 28 March 2015",5.0,True,0.6290527273606856,True,0.5940823910645492
629089660,False,True,False,https://en.wikipedia.org/w/index.php?oldid=629089660,66.206.97.139,True,"16:57, 22 September 2014",6.0,True,0.9692038398637042,False,0.0408599645988363
624536453,False,True,False,https://en.wikipedia.org/w/index.php?oldid=624536453,203.45.244.55,True,"13:14, 7 September 2014",6.0,True,0.9563787821845036,False,0.07377688972358627
614955518,False,True,True,https://en.wikipedia.org/w/index.php?oldid=614955518,Rangaraj23295,False,"01:26, 30 June 2014",6.0,True,0.9254295879921812,True,0.7243405727447967
621670671,False,True,True,https://en.wikipedia.org/w/index.php?oldid=621670671,37.135.72.161,True,"19:47, 17 August 2014",6.0,True,0.8144230133863364,True,0.8435830579671058
654235100,False,True,False,https://en.wikipedia.org/w/index.php?oldid=654235100,108.49.202.215,True,"14:58, 29 March 2015",5.0,True,0.9556757371647064,False,0.059875407772560875
649037691,False,True,False,https://en.wikipedia.org/w/index.php?oldid=649037691,203.38.165.18,True,"02:16, 3 December 2009",11.0,True,0.8257890243320253,False,0.2079679292078892
612101794,False,True,False,https://en.wikipedia.org/w/index.php?oldid=612101794,97.114.126.4,True,"17:10, 8 June 2014",6.0,True,0.952645901763837,False,0.04946694913110175
638435243,False,True,True,https://en.wikipedia.org/w/index.php?oldid=638435243,April_Arcus,False,"00:43, 14 December 2004",16.0,False,0.19853104979037545,True,0.9111794281317034
626411564,False,True,True,https://en.wikipedia.org/w/index.php?oldid=626411564,I'mdabest123,False,"00:41, 21 September 2014",6.0,True,0.58204849298453,True,0.6321565896550656
625824192,False,True,False,https://en.wikipedia.org/w/index.php?oldid=625824192,98.184.84.226,True,"15:30, 4 September 2013",7.0,True,0.8764815588287365,False,0.1359536193176187
612646894,False,True,False,https://en.wikipedia.org/w/index.php?oldid=612646894,95.137.133.23,True,"15:34, 12 June 2014",6.0,True,0.9083830658545716,False,0.1062528727996404
625863168,False,True,False,https://en.wikipedia.org/w/index.php?oldid=625863168,65.119.194.226,True,"15:39, 29 December 2009",11.0,True,0.9218886770588955,False,0.10749466655552282
649964898,False,True,False,https://en.wikipedia.org/w/index.php?oldid=649964898,121.218.206.84,True,"01:09, 3 March 2015",5.0,True,0.8955294499068042,False,0.12453643204966335
622300612,False,True,True,https://en.wikipedia.org/w/index.php?oldid=622300612,Karrtojal,False,"06:28, 22 August 2014",6.0,True,0.5368790739765877,True,0.8448666281212971
650218359,False,True,True,https://en.wikipedia.org/w/index.php?oldid=650218359,Rubbish_computer,False,"22:04, 5 November 2014",6.0,False,0.4976003485709868,True,0.989427361759727
641686118,False,True,False,https://en.wikipedia.org/w/index.php?oldid=641686118,24.67.32.131,True,"21:19, 13 December 2013",7.0,True,0.8017924461772672,False,0.1704213025487903
609176295,False,True,True,https://en.wikipedia.org/w/index.php?oldid=609176295,Cpothen,False,"01:42, 19 May 2014",6.0,True,0.8581460934428191,True,0.5090394273095956
649208191,False,True,True,https://en.wikipedia.org/w/index.php?oldid=649208191,81.231.100.108,True,"17:09, 27 February 2015",5.0,True,0.8469915561904574,True,0.8221899841197836
638228635,False,True,True,https://en.wikipedia.org/w/index.php?oldid=638228635,Wiki_CRUK_John,False,"14:28, 1 May 2014",6.0,True,0.5702462857340282,True,0.9581253943218933
641378615,False,True,False,https://en.wikipedia.org/w/index.php?oldid=641378615,125.16.0.198,True,"18:50, 26 February 2014",6.0,True,0.8628228475576386,False,0.15843140854244128
645082950,False,True,False,https://en.wikipedia.org/w/index.php?oldid=645082950,FAKE1230,False,"02:27, 1 February 2015",5.0,True,0.8367919817071974,False,0.16253466674774034
634594551,False,True,False,https://en.wikipedia.org/w/index.php?oldid=634594551,Mukt_ash,False,"18:37, 19 November 2014",6.0,True,0.7495935995528157,False,0.2389231252411522
649909843,False,True,False,https://en.wikipedia.org/w/index.php?oldid=649909843,41.141.43.93,True,"23:15, 4 March 2015",5.0,True,0.9189909561848196,False,0.10118931711967627
613722226,False,True,True,https://en.wikipedia.org/w/index.php?oldid=613722226,Ctrao123,False,"00:40, 7 September 2013",7.0,True,0.7678147909853766,True,0.9825165627949444
647908053,False,True,True,https://en.wikipedia.org/w/index.php?oldid=647908053,Wheatleigh2015,False,"17:53, 19 February 2015",5.0,True,0.8291139758422803,True,0.7992666920967098
644403084,False,True,True,https://en.wikipedia.org/w/index.php?oldid=644403084,77.75.167.246,True,"12:52, 7 January 2013",7.0,True,0.6029007590126794,True,0.9418816657012241
607062903,False,True,True,https://en.wikipedia.org/w/index.php?oldid=607062903,Eni.Sukthi.Durres,False,"16:28, 15 August 2013",7.0,False,0.27281069263672186,True,0.9936075500990448
619834274,False,True,True,https://en.wikipedia.org/w/index.php?oldid=619834274,101.57.155.254,True,"16:09, 4 August 2014",6.0,True,0.8963035494370817,False,0.2638326479688379
635143851,False,True,True,https://en.wikipedia.org/w/index.php?oldid=635143851,110.175.187.10,True,"20:32, 23 November 2014",6.0,True,0.8342977114158989,False,0.4880330044719085
640111969,False,True,True,https://en.wikipedia.org/w/index.php?oldid=640111969,Harshvardhan10,False,"16:35, 29 December 2014",6.0,True,0.8638827546202071,True,0.7604721618525244
638181419,False,True,True,https://en.wikipedia.org/w/index.php?oldid=638181419,TorontoKRD,False,"18:43, 10 December 2014",6.0,True,0.940271870883784,True,0.9401969828351402
610086861,False,True,False,https://en.wikipedia.org/w/index.php?oldid=610086861,2.150.20.135,True,"16:15, 25 May 2014",6.0,True,0.9590340697715279,False,0.03187761470229925
645979588,False,True,True,https://en.wikipedia.org/w/index.php?oldid=645979588,Unibond,False,"12:26, 23 May 2008",12.0,True,0.6496162087604622,True,0.9827807180692812
644578174,False,True,True,https://en.wikipedia.org/w/index.php?oldid=644578174,Scarrillo111,False,"17:23, 28 January 2015",5.0,True,0.9366943907448266,False,0.2818242880434325
613662098,False,True,True,https://en.wikipedia.org/w/index.php?oldid=613662098,80.198.90.250,True,"14:32, 17 March 2006",14.0,True,0.8382796817659282,True,0.7923067426921337
649181769,False,True,False,https://en.wikipedia.org/w/index.php?oldid=649181769,Craigboy,False,"02:58, 18 February 2006",14.0,True,0.9406726340658156,False,0.05911681377040062
642345005,False,True,False,https://en.wikipedia.org/w/index.php?oldid=642345005,Anoca15,False,"19:15, 13 January 2015",5.0,True,0.7839155153823215,False,0.23082333632438906
627704477,False,True,True,https://en.wikipedia.org/w/index.php?oldid=627704477,69.157.77.163,True,"13:35, 2 September 2014",6.0,True,0.7313484560567242,True,0.7448624994066884
626849707,False,True,True,https://en.wikipedia.org/w/index.php?oldid=626849707,220.233.71.53,True,"23:06, 5 October 2013",7.0,True,0.7391861158522712,True,0.8066662992236021
632091886,False,True,False,https://en.wikipedia.org/w/index.php?oldid=632091886,108.55.121.5,True,"02:39, 2 November 2014",6.0,True,0.9694929839304968,False,0.04729751920251672
631208728,False,True,False,https://en.wikipedia.org/w/index.php?oldid=631208728,AL826,False,"02:33, 22 October 2014",6.0,True,0.7910104424190342,False,0.234133531801938
655700238,False,True,False,https://en.wikipedia.org/w/index.php?oldid=655700238,97.64.135.2,True,"16:50, 12 August 2014",6.0,True,0.8014251085444547,False,0.2201720147603128
629640491,False,True,False,https://en.wikipedia.org/w/index.php?oldid=629640491,SPIRITLIFE777,False,"21:04, 14 October 2014",6.0,True,0.7919986101791937,False,0.269814660717704
642209972,False,True,False,https://en.wikipedia.org/w/index.php?oldid=642209972,96.5.148.68,True,"17:15, 28 September 2011",9.0,True,0.8391616195723496,False,0.13111930133015814
628495237,False,True,False,https://en.wikipedia.org/w/index.php?oldid=628495237,Doritos4ndjuic3is3pic,False,"15:22, 2 October 2014",6.0,True,0.8215234274232541,False,0.20472252394941404
605651771,False,True,False,https://en.wikipedia.org/w/index.php?oldid=605651771,205.202.39.162,True,"19:57, 24 April 2014",6.0,True,0.9054397778408576,False,0.07496314629699861
651113395,False,True,True,https://en.wikipedia.org/w/index.php?oldid=651113395,Michealcoleman1977,False,"22:39, 12 March 2015",5.0,True,0.7997284642079375,True,0.7090613574101831
606377603,False,True,False,https://en.wikipedia.org/w/index.php?oldid=606377603,175.110.181.70,True,"19:41, 29 April 2014",6.0,True,0.8595408894355017,False,0.2499870299219741
613528448,False,True,False,https://en.wikipedia.org/w/index.php?oldid=613528448,60.224.124.138,True,"06:58, 19 June 2014",6.0,True,0.9613807998847168,False,0.05726357652540249
620720442,False,True,False,https://en.wikipedia.org/w/index.php?oldid=620720442,Beefy2008,False,"12:45, 28 July 2014",6.0,True,0.7462647521182921,False,0.26861466836152986
619783963,False,True,True,https://en.wikipedia.org/w/index.php?oldid=619783963,121.211.16.223,True,"07:57, 4 August 2014",6.0,True,0.9203775361281096,False,0.2010381671987474
628679266,False,True,False,https://en.wikipedia.org/w/index.php?oldid=628679266,64.150.8.14,True,"17:41, 7 October 2014",6.0,True,0.9748063924466582,False,0.03894764817759795
609985812,False,True,True,https://en.wikipedia.org/w/index.php?oldid=609985812,Yearsold21,False,"19:21, 24 May 2014",6.0,True,0.7727983020772776,True,0.8548848405225208
641676930,False,True,True,https://en.wikipedia.org/w/index.php?oldid=641676930,Cvgs2015,False,"03:35, 9 January 2015",5.0,True,0.6822320172273811,True,0.7079505154688719
608900711,False,True,True,https://en.wikipedia.org/w/index.php?oldid=608900711,Charles-newsom,False,"19:32, 29 June 2008",12.0,True,0.9046012352004372,True,0.933951237313832
610635821,False,True,False,https://en.wikipedia.org/w/index.php?oldid=610635821,131.109.46.224,True,"19:15, 22 April 2008",12.0,True,0.972648764649802,False,0.0264629555863314
606198493,False,True,False,https://en.wikipedia.org/w/index.php?oldid=606198493,24.225.10.210,True,"17:44, 4 November 2003",17.0,True,0.9563684449070068,False,0.0720582287238714
654560501,False,True,False,https://en.wikipedia.org/w/index.php?oldid=654560501,70.162.75.109,True,"23:19, 1 April 2015",5.0,True,0.9380355214004394,False,0.05993410948930125
655745013,False,True,True,https://en.wikipedia.org/w/index.php?oldid=655745013,TheRiverRunsWide,False,"10:27, 9 April 2015",5.0,False,0.4732872390643718,True,0.9722161421484804
650086871,False,True,True,https://en.wikipedia.org/w/index.php?oldid=650086871,112.209.241.247,True,"01:23, 6 March 2015",5.0,True,0.6885507024516994,True,0.9289597951383396
606680541,False,True,False,https://en.wikipedia.org/w/index.php?oldid=606680541,Makeishacalub,False,"20:50, 1 May 2014",6.0,False,0.2623642687339247,True,0.8635119515904977
641983240,False,True,False,https://en.wikipedia.org/w/index.php?oldid=641983240,71.104.253.61,True,"08:15, 11 January 2015",5.0,True,0.5654673816084794,False,0.4091893848295813
651213277,False,True,False,https://en.wikipedia.org/w/index.php?oldid=651213277,149.254.250.185,True,"13:51, 26 September 2013",7.0,True,0.8569513542984584,False,0.14134683621999605
610013579,False,True,True,https://en.wikipedia.org/w/index.php?oldid=610013579,47.17.97.247,True,"01:10, 25 May 2014",6.0,True,0.5299320237930687,True,0.8206219283736016
643884206,False,True,False,https://en.wikipedia.org/w/index.php?oldid=643884206,Swagboyjohnson,False,"23:21, 23 January 2015",5.0,True,0.8983597777551132,False,0.10575106461855578
611099282,False,True,False,https://en.wikipedia.org/w/index.php?oldid=611099282,76.112.195.216,True,"16:32, 1 June 2014",6.0,True,0.8098304436714742,False,0.27174165115253296
613052657,False,True,False,https://en.wikipedia.org/w/index.php?oldid=613052657,120.56.205.224,True,"20:12, 15 June 2014",6.0,True,0.9245805454755246,False,0.061268997917213484
614972500,False,True,False,https://en.wikipedia.org/w/index.php?oldid=614972500,116.251.177.26,True,"04:55, 30 June 2014",6.0,True,0.8231572883593143,False,0.14702321588351255
637779340,False,True,True,https://en.wikipedia.org/w/index.php?oldid=637779340,166.137.139.28,True,"01:49, 3 June 2010",10.0,True,0.8586010234300828,True,0.864308756311563
632637244,False,True,False,https://en.wikipedia.org/w/index.php?oldid=632637244,186.86.139.87,True,"23:46, 29 October 2014",6.0,True,0.8520171707013068,False,0.2187522187441211
620083402,False,True,False,https://en.wikipedia.org/w/index.php?oldid=620083402,2601:d:b480:ed2:780a:d9f6:cbd3:72b8,True,"11:58, 6 August 2014",6.0,True,0.7322928766986191,False,0.3248813765685257
627373786,False,True,False,https://en.wikipedia.org/w/index.php?oldid=627373786,101.127.112.157,True,"04:44, 28 September 2014",6.0,True,0.7471371924145622,False,0.2733123396057949
623818349,False,True,False,https://en.wikipedia.org/w/index.php?oldid=623818349,122.3.37.88,True,"11:36, 16 December 2010",10.0,True,0.7000379042518301,False,0.2952308234238322
622974427,False,True,False,https://en.wikipedia.org/w/index.php?oldid=622974427,98.172.64.244,True,"18:34, 12 September 2013",7.0,True,0.9371745879720156,False,0.05904956983184618
632569723,False,True,True,https://en.wikipedia.org/w/index.php?oldid=632569723,SovalValtos,False,"12:00, 10 April 2014",6.0,False,0.4650167178101396,True,0.9624296113374884
614296478,False,True,False,https://en.wikipedia.org/w/index.php?oldid=614296478,65.189.214.89,True,"02:12, 19 June 2013",7.0,True,0.7217821872879758,False,0.3476830753785157
631806387,False,True,False,https://en.wikipedia.org/w/index.php?oldid=631806387,66.168.63.162,True,"21:40, 30 October 2014",6.0,True,0.9579343746164534,False,0.045876399611468416
616573654,False,True,False,https://en.wikipedia.org/w/index.php?oldid=616573654,Dieterdelav,False,"20:44, 11 July 2014",6.0,True,0.571604096427448,False,0.3708566073291295
634323410,False,True,False,https://en.wikipedia.org/w/index.php?oldid=634323410,Kidchasey,False,"03:52, 17 November 2014",6.0,True,0.8892975664550146,False,0.1421576259004459
630584953,False,True,False,https://en.wikipedia.org/w/index.php?oldid=630584953,Vallariop,False,"23:41, 21 October 2014",6.0,True,0.8877188836387458,False,0.10779011026514622
634726523,False,True,True,https://en.wikipedia.org/w/index.php?oldid=634726523,Dookiekid,False,"12:34, 24 October 2014",6.0,True,0.6994157366644931,True,0.8923559731359892
647312231,False,True,True,https://en.wikipedia.org/w/index.php?oldid=647312231,Uhbooh,False,"04:40, 24 June 2013",7.0,True,0.5330866207025073,True,0.9519147595712562
608502114,False,True,True,https://en.wikipedia.org/w/index.php?oldid=608502114,Billyjohnbobson,False,"05:53, 14 May 2014",6.0,True,0.637799776258888,True,0.7412979399549477
628381102,False,True,False,https://en.wikipedia.org/w/index.php?oldid=628381102,24.191.205.112,True,"20:42, 5 October 2014",6.0,True,0.5986147276948524,False,0.4352891588278683
644274923,False,True,False,https://en.wikipedia.org/w/index.php?oldid=644274923,Qattus1055v2,False,"17:11, 26 January 2015",5.0,True,0.7948010224476517,False,0.1843967625523911
637127363,False,True,True,https://en.wikipedia.org/w/index.php?oldid=637127363,Irsalirsal,False,"05:48, 8 December 2014",6.0,True,0.8270898505492833,False,0.4886587696636217
605843328,False,True,False,https://en.wikipedia.org/w/index.php?oldid=605843328,Hjkfsfholyvdgj,False,"02:16, 12 April 2014",6.0,True,0.8206047337871542,False,0.16450367813436534
631365926,False,True,False,https://en.wikipedia.org/w/index.php?oldid=631365926,Jotabarnakkk,False,"19:53, 27 October 2014",6.0,True,0.9103814880723152,False,0.08478027914481072
615092229,False,True,False,https://en.wikipedia.org/w/index.php?oldid=615092229,202.49.20.90,True,"02:56, 28 July 2008",12.0,True,0.9572151682761656,False,0.047284189109606224
627858170,False,True,False,https://en.wikipedia.org/w/index.php?oldid=627858170,Dancestarup,False,"19:24, 1 October 2014",6.0,True,0.9601671610235618,False,0.046035227415069414
631156746,False,True,False,https://en.wikipedia.org/w/index.php?oldid=631156746,Slb,False,"11:46, 17 December 2005",15.0,True,0.6555515423767779,False,0.38412047688452056
647651486,False,True,False,https://en.wikipedia.org/w/index.php?oldid=647651486,43.251.174.101,True,"02:54, 18 February 2015",5.0,False,0.4981679028723466,False,0.4894846786738623
640455338,False,True,False,https://en.wikipedia.org/w/index.php?oldid=640455338,71.80.2.95,True,"01:16, 1 January 2015",5.0,True,0.7944026438788067,False,0.18046787645614154
648116163,False,True,False,https://en.wikipedia.org/w/index.php?oldid=648116163,86.46.117.148,True,"00:14, 21 February 2015",5.0,True,0.8902916446181472,False,0.11773178503299947
654685720,False,True,False,https://en.wikipedia.org/w/index.php?oldid=654685720,Shanemlogan,False,"20:59, 2 April 2015",5.0,True,0.852752898746985,False,0.19190353275266372
615191935,False,True,True,https://en.wikipedia.org/w/index.php?oldid=615191935,Kalliariri,False,"18:59, 1 July 2014",6.0,True,0.9359908999448188,False,0.22812091741582616
613080707,False,True,False,https://en.wikipedia.org/w/index.php?oldid=613080707,173.2.136.183,True,"01:14, 16 June 2014",6.0,True,0.8391711887429092,False,0.1068953462608294
647014684,False,True,False,https://en.wikipedia.org/w/index.php?oldid=647014684,70.187.77.11,True,"22:32, 13 February 2015",5.0,True,0.8055807918409676,False,0.21842805771240453
635249721,False,True,False,https://en.wikipedia.org/w/index.php?oldid=635249721,82.127.72.227,True,"15:42, 24 November 2014",6.0,True,0.8874380121595671,False,0.1402251176903466
655710468,False,True,False,https://en.wikipedia.org/w/index.php?oldid=655710468,107.2.75.12,True,"17:57, 9 April 2015",5.0,True,0.8571550064152529,False,0.17424773737965862
617197822,False,True,False,https://en.wikipedia.org/w/index.php?oldid=617197822,Dallasreagan1,False,"16:16, 16 July 2014",6.0,True,0.939297675001658,False,0.06197644316460901
604614437,False,True,False,https://en.wikipedia.org/w/index.php?oldid=604614437,Jamie1099,False,"16:20, 17 April 2014",6.0,True,0.739015144124058,False,0.33239988184110103
613552709,False,True,False,https://en.wikipedia.org/w/index.php?oldid=613552709,62.255.9.194,True,"12:57, 25 April 2014",6.0,True,0.9399143699986016,False,0.04918754655043564
650548432,False,True,False,https://en.wikipedia.org/w/index.php?oldid=650548432,LilFin67,False,"02:19, 9 March 2015",5.0,True,0.8263466317191794,False,0.21996936113655896
656132533,False,True,False,https://en.wikipedia.org/w/index.php?oldid=656132533,174.69.112.16,True,"15:36, 12 April 2015",5.0,False,0.4298563191197991,True,0.6047675515670329
608867531,False,True,False,https://en.wikipedia.org/w/index.php?oldid=608867531,216.56.26.34,True,"14:49, 18 May 2006",14.0,True,0.7629706217069044,False,0.21181746238999724
649939989,False,True,True,https://en.wikipedia.org/w/index.php?oldid=649939989,2602:306:c48f:6170:ddf:f6a2:c32d:532b,True,"03:48, 5 March 2015",5.0,True,0.8149462049516613,False,0.2386444795250111
625658329,False,True,False,https://en.wikipedia.org/w/index.php?oldid=625658329,178.202.135.29,True,"17:01, 18 August 2014",6.0,True,0.8508253762621812,False,0.1516543464907783
634539756,False,True,False,https://en.wikipedia.org/w/index.php?oldid=634539756,62.254.114.169,True,"13:52, 19 November 2014",6.0,True,0.8367851262577245,False,0.19434349828355268
636611260,False,True,False,https://en.wikipedia.org/w/index.php?oldid=636611260,Ebsci,False,"14:40, 4 December 2014",6.0,True,0.8031917995018093,False,0.16816245502792568
605408970,False,True,True,https://en.wikipedia.org/w/index.php?oldid=605408970,Nicolettemunoz,False,"05:30, 23 April 2014",6.0,True,0.8200817323700673,True,0.9374505049304548
645243181,False,True,False,https://en.wikipedia.org/w/index.php?oldid=645243181,75.140.118.148,True,"22:53, 3 September 2014",6.0,True,0.9717458367916568,False,0.024816574641321268
642804350,False,True,True,https://en.wikipedia.org/w/index.php?oldid=642804350,Phinumu,False,"16:41, 22 May 2013",7.0,False,0.4673689436229284,True,0.9746394341201994
632958337,False,True,False,https://en.wikipedia.org/w/index.php?oldid=632958337,90.216.134.194,True,"14:49, 1 September 2009",11.0,True,0.8972828952131744,False,0.11496346387105773
607084058,False,True,False,https://en.wikipedia.org/w/index.php?oldid=607084058,Christarrant205,False,"22:22, 4 May 2014",6.0,True,0.9163302364137836,False,0.10739929570714067
654499569,False,False,True,https://en.wikipedia.org/w/index.php?oldid=654499569,Engelhardt,False,"05:27, 29 December 2006",14.0,False,0.011520752911738073,True,0.9898272596045864
617708516,False,False,True,https://en.wikipedia.org/w/index.php?oldid=617708516,Chjoaygame,False,"14:38, 13 February 2009",11.0,False,0.03408592969179356,True,0.9801378743555532
623999346,False,False,True,https://en.wikipedia.org/w/index.php?oldid=623999346,Paulee80,False,"23:34, 2 September 2014",6.0,False,0.005948352204767802,True,0.996195392521146
604370578,False,False,True,https://en.wikipedia.org/w/index.php?oldid=604370578,Mayno101,False,"22:53, 15 April 2014",6.0,False,0.017583742863011332,True,0.986156084820125
625678132,False,False,True,https://en.wikipedia.org/w/index.php?oldid=625678132,Ekabhishek,False,"16:30, 24 February 2007",13.0,False,0.007262239342502397,True,0.9962311746747328
630278454,False,False,True,https://en.wikipedia.org/w/index.php?oldid=630278454,Jim_Michael,False,"19:41, 20 February 2010",10.0,False,0.021153319630317125,True,0.9863938359977241
605976356,False,False,True,https://en.wikipedia.org/w/index.php?oldid=605976356,Kerry_Raymond,False,"09:49, 17 June 2005",15.0,False,0.013446573706589443,True,0.9898429725529924
614114994,False,False,True,https://en.wikipedia.org/w/index.php?oldid=614114994,Vsmith,False,"16:07, 7 July 2004",16.0,False,0.006176799300861945,True,0.996473171364682
643737614,False,False,True,https://en.wikipedia.org/w/index.php?oldid=643737614,Frietjes,False,"18:30, 14 January 2011",9.0,False,0.005025690582736757,True,0.9969328148489712
609589235,False,False,True,https://en.wikipedia.org/w/index.php?oldid=609589235,WhisperToMe,False,"01:01, 10 July 2003",17.0,False,0.004061657091027317,True,0.9967173622236198
621151752,False,False,True,https://en.wikipedia.org/w/index.php?oldid=621151752,Jimmypopeyedoyle,False,"17:25, 1 June 2013",7.0,False,0.06749802455779493,True,0.9775425739274552
656379450,False,False,True,https://en.wikipedia.org/w/index.php?oldid=656379450,Kriso27,False,"06:18, 17 August 2012",8.0,False,0.07288628877192077,True,0.9790830888636584
651868016,False,False,True,https://en.wikipedia.org/w/index.php?oldid=651868016,122.56.185.33,True,"01:53, 4 March 2015",5.0,False,0.1559637451264586,True,0.9253496073385068
615980887,False,False,True,https://en.wikipedia.org/w/index.php?oldid=615980887,AnomieBOT,False,"01:45, 15 August 2008",12.0,False,0.008312112621874215,True,0.9942523821754572
611948941,False,False,True,https://en.wikipedia.org/w/index.php?oldid=611948941,Sarastro1,False,"00:34, 7 November 2009",11.0,False,0.006944788994902854,True,0.9938563080886856
647021584,False,False,True,https://en.wikipedia.org/w/index.php?oldid=647021584,Davey2010,False,"05:38, 10 October 2010",10.0,False,0.0033613814021865173,True,0.9974046896459341
642145997,False,False,True,https://en.wikipedia.org/w/index.php?oldid=642145997,Gilliam,False,"04:51, 17 October 2005",15.0,False,0.0032608446025088685,True,0.9978144297343728
635427260,False,False,True,https://en.wikipedia.org/w/index.php?oldid=635427260,Epicgenius,False,"02:57, 24 November 2012",8.0,False,0.01183126554309002,True,0.9925140200644488
635074616,False,False,True,https://en.wikipedia.org/w/index.php?oldid=635074616,Aspirex,False,"10:43, 20 January 2006",14.0,False,0.013728754797246856,True,0.9881600219400698
622896698,False,False,True,https://en.wikipedia.org/w/index.php?oldid=622896698,Anthony_Appleyard,False,"18:23, 17 October 2004",16.0,False,0.006789427877715464,True,0.9960088637590732
612078385,False,False,True,https://en.wikipedia.org/w/index.php?oldid=612078385,Mahahahaneapneap,False,"19:20, 12 October 2005",15.0,False,0.03982624530194434,True,0.9599671597491164
628570522,False,False,True,https://en.wikipedia.org/w/index.php?oldid=628570522,GreenC,False,"23:52, 8 February 2009",11.0,False,0.010501342396020222,True,0.9913173706992642
646512615,False,False,True,https://en.wikipedia.org/w/index.php?oldid=646512615,Onel5969,False,"03:51, 6 November 2009",11.0,False,0.0027472897308587012,True,0.998125573058084
636497084,False,False,True,https://en.wikipedia.org/w/index.php?oldid=636497084,24.87.73.97,True,"06:54, 22 October 2012",8.0,True,0.6169565443798738,False,0.4494088665064926
651302865,False,False,True,https://en.wikipedia.org/w/index.php?oldid=651302865,Ss112,False,"08:38, 20 April 2006",14.0,False,0.006373706241606822,True,0.9960624134714866
613288414,False,False,True,https://en.wikipedia.org/w/index.php?oldid=613288414,197.123.0.144,True,"14:07, 17 June 2014",6.0,False,0.15571349265670675,True,0.9207086405122152
656008074,False,False,True,https://en.wikipedia.org/w/index.php?oldid=656008074,Martinevans123,False,"12:21, 3 January 2007",13.0,False,0.013167598802119436,True,0.9905837554457844
632069120,False,False,True,https://en.wikipedia.org/w/index.php?oldid=632069120,TDKR_Chicago_101,False,"04:01, 24 July 2012",8.0,False,0.16955265392690444,True,0.9368472316626786
645851300,False,False,True,https://en.wikipedia.org/w/index.php?oldid=645851300,Kendrick7,False,"09:53, 23 December 2005",15.0,False,0.005567635160465847,True,0.9961435497083901
650928528,False,False,True,https://en.wikipedia.org/w/index.php?oldid=650928528,Rich_Farmbrough,False,"20:34, 2 May 2004",16.0,False,0.0026711597237047482,True,0.9981516348585768
628616487,False,False,True,https://en.wikipedia.org/w/index.php?oldid=628616487,J3Mrs,False,"11:00, 26 May 2009",11.0,False,0.0037608949230645158,True,0.9975365558420544
650667903,False,False,True,https://en.wikipedia.org/w/index.php?oldid=650667903,Bagumba,False,"21:51, 4 October 2008",12.0,False,0.029439556448305537,True,0.983605656337755
646671301,False,False,True,https://en.wikipedia.org/w/index.php?oldid=646671301,DeltaQuadBot,False,"19:15, 22 June 2010",10.0,False,0.002435605585072813,True,0.9980102737296759
619268829,False,False,True,https://en.wikipedia.org/w/index.php?oldid=619268829,Junky_One_Nine,False,"09:08, 3 July 2014",6.0,False,0.4415860463733697,True,0.7590878665032589
652462109,False,False,True,https://en.wikipedia.org/w/index.php?oldid=652462109,MediaWiki_message_delivery,False,"18:15, 20 November 2013",7.0,False,0.003716525497314428,True,0.9977981566391464
636486976,False,False,True,https://en.wikipedia.org/w/index.php?oldid=636486976,ThiagoSimoes,False,"15:58, 15 July 2006",14.0,False,0.008631658574729422,True,0.9949277770081568
637755905,False,False,True,https://en.wikipedia.org/w/index.php?oldid=637755905,Look2See1,False,"19:06, 10 January 2010",10.0,False,0.022327301780202514,True,0.9870489740049112
627808024,False,False,True,https://en.wikipedia.org/w/index.php?oldid=627808024,Hamish59,False,"17:13, 21 October 2011",9.0,False,0.004998026419382228,True,0.9962617069110876
632430783,False,False,True,https://en.wikipedia.org/w/index.php?oldid=632430783,Filedelinkerbot,False,"11:49, 27 January 2014",6.0,False,0.02154659742286421,True,0.9894338199428352
646437056,False,False,True,https://en.wikipedia.org/w/index.php?oldid=646437056,WP_1.0_bot,False,"22:52, 4 February 2007",13.0,False,0.003585912284563433,True,0.9969076048419624
625472189,False,False,True,https://en.wikipedia.org/w/index.php?oldid=625472189,Canuckle,False,"00:48, 13 January 2007",13.0,False,0.009520458446130071,True,0.99376156423814
654206925,False,False,True,https://en.wikipedia.org/w/index.php?oldid=654206925,XLinkBot,False,"05:44, 11 January 2008",12.0,False,0.002650654672768243,True,0.9979648531116558
626741740,False,False,True,https://en.wikipedia.org/w/index.php?oldid=626741740,LevCopper,False,"16:15, 25 April 2014",6.0,False,0.19045798488777707,True,0.9565209857997242
653515322,False,False,True,https://en.wikipedia.org/w/index.php?oldid=653515322,HostBot,False,"19:21, 8 April 2012",8.0,False,0.003491319428325376,True,0.9977635383855123
651016726,False,False,True,https://en.wikipedia.org/w/index.php?oldid=651016726,AAlertBot,False,"11:50, 1 December 2010",10.0,False,0.008742023282358017,True,0.993548650396542
638854576,False,False,True,https://en.wikipedia.org/w/index.php?oldid=638854576,MonFrontieres,False,"18:01, 5 May 2009",11.0,False,0.0761738757895415,True,0.953010070048083
635405491,False,False,True,https://en.wikipedia.org/w/index.php?oldid=635405491,MrBill3,False,"00:16, 5 October 2011",9.0,False,0.003171084835851628,True,0.9976479275405528
652340859,False,False,True,https://en.wikipedia.org/w/index.php?oldid=652340859,MediaWiki_message_delivery,False,"18:15, 20 November 2013",7.0,False,0.004111577639840707,True,0.9970109965722479
612100803,False,False,True,https://en.wikipedia.org/w/index.php?oldid=612100803,Vegaswikian,False,"03:01, 18 March 2005",15.0,False,0.028032856268842023,True,0.9851422277996124
629195789,False,False,True,https://en.wikipedia.org/w/index.php?oldid=629195789,Georgialh,False,"02:53, 14 July 2013",7.0,False,0.00998784089262015,True,0.9926514274680712
609386635,False,False,True,https://en.wikipedia.org/w/index.php?oldid=609386635,178.55.20.181,True,"14:13, 20 May 2014",6.0,False,0.34651746209342554,True,0.7831200953403511
623618264,False,False,True,https://en.wikipedia.org/w/index.php?oldid=623618264,Fetx2002,False,"11:38, 23 June 2010",10.0,False,0.014400221201499622,True,0.9845917105002868
638838986,False,False,True,https://en.wikipedia.org/w/index.php?oldid=638838986,GorgonaJS,False,"22:48, 25 August 2010",10.0,False,0.012268904471131516,True,0.9939877640844774
605218535,False,False,True,https://en.wikipedia.org/w/index.php?oldid=605218535,Gorthian,False,"21:04, 21 August 2011",9.0,False,0.009795957236235615,True,0.992855520724983
610564069,False,False,True,https://en.wikipedia.org/w/index.php?oldid=610564069,Amambay_T,False,"01:37, 7 March 2013",7.0,False,0.039119732835179666,True,0.9889867246394536
640944658,False,False,True,https://en.wikipedia.org/w/index.php?oldid=640944658,Naa_Oyoo,False,"13:50, 4 January 2015",5.0,False,0.16437225812011078,True,0.8979964858921309
649296623,False,False,True,https://en.wikipedia.org/w/index.php?oldid=649296623,Dr._Blofeld,False,"15:43, 14 June 2006",14.0,False,0.012960143732398509,True,0.9903955563321708
630328205,False,False,True,https://en.wikipedia.org/w/index.php?oldid=630328205,Shaidar_cuebiyar,False,"23:39, 16 March 2007",13.0,False,0.010365315262185973,True,0.9934385285906157
639821116,False,False,True,https://en.wikipedia.org/w/index.php?oldid=639821116,Tomruen,False,"07:49, 28 April 2004",16.0,False,0.006031503918123647,True,0.9937008708367974
646221447,False,False,True,https://en.wikipedia.org/w/index.php?oldid=646221447,BattyBot,False,"00:11, 30 December 2011",9.0,False,0.010957677337551291,True,0.9912748848163172
623937425,False,False,True,https://en.wikipedia.org/w/index.php?oldid=623937425,Skylar3214,False,"20:40, 20 May 2012",8.0,False,0.009146627437191251,True,0.9938431717083732
639903156,False,False,True,https://en.wikipedia.org/w/index.php?oldid=639903156,147.26.87.23,True,"05:56, 30 September 2011",9.0,True,0.5951235182285339,True,0.5737972786730455
630106832,False,False,True,https://en.wikipedia.org/w/index.php?oldid=630106832,Kethrus,False,"00:36, 18 October 2014",6.0,False,0.010036881652466596,True,0.9926564434160338
640013054,False,False,True,https://en.wikipedia.org/w/index.php?oldid=640013054,AnomieBOT,False,"01:45, 15 August 2008",12.0,False,0.01054855396980372,True,0.9903035940128128
621034346,False,False,True,https://en.wikipedia.org/w/index.php?oldid=621034346,86.46.53.175,True,"19:16, 7 March 2010",10.0,True,0.6206785057443596,True,0.6028128629725225
606607104,False,False,True,https://en.wikipedia.org/w/index.php?oldid=606607104,Rjwilmsi,False,"11:57, 4 March 2005",15.0,False,0.007011935983240484,True,0.9922935774211796
612434163,False,False,True,https://en.wikipedia.org/w/index.php?oldid=612434163,Xqbot,False,"06:00, 18 November 2008",12.0,False,0.013657355764860622,True,0.9861383569043428
620638346,False,False,True,https://en.wikipedia.org/w/index.php?oldid=620638346,Ebyabe,False,"15:36, 30 April 2006",14.0,False,0.0032575360496321184,True,0.9975918960643564
652229250,False,False,True,https://en.wikipedia.org/w/index.php?oldid=652229250,MediaWiki_message_delivery,False,"18:15, 20 November 2013",7.0,False,0.003716525497314428,True,0.9977981566391464
614219356,False,False,True,https://en.wikipedia.org/w/index.php?oldid=614219356,Mark_immer,False,"15:36, 19 June 2014",6.0,False,0.15720565338880813,True,0.9604514967070708
607764034,False,False,True,https://en.wikipedia.org/w/index.php?oldid=607764034,ClueBot_NG,False,"08:18, 28 October 2010",10.0,False,0.003050207472202941,True,0.9979946548141684
647211184,False,False,True,https://en.wikipedia.org/w/index.php?oldid=647211184,220_of_Borg,False,"12:53, 12 November 2011",9.0,False,0.00229517739797308,True,0.9980057037157484
648331768,False,False,True,https://en.wikipedia.org/w/index.php?oldid=648331768,109.91.227.189,True,"16:30, 24 December 2014",6.0,False,0.11519058865444405,True,0.8959573074194037
618688740,False,False,True,https://en.wikipedia.org/w/index.php?oldid=618688740,HostBot,False,"19:21, 8 April 2012",8.0,False,0.0037244830572779695,True,0.9977866748164188
608333869,False,False,True,https://en.wikipedia.org/w/index.php?oldid=608333869,Yobot,False,"22:39, 17 June 2008",12.0,False,0.010249817795733257,True,0.9922745009841676
634213224,False,False,True,https://en.wikipedia.org/w/index.php?oldid=634213224,RajtheEmperor,False,"05:52, 18 December 2013",7.0,False,0.06467588194614877,True,0.9588542652264312
628365490,False,False,True,https://en.wikipedia.org/w/index.php?oldid=628365490,36.69.214.156,True,"13:26, 25 August 2013",7.0,False,0.18871373187125626,True,0.9052492555388982
612888660,False,False,True,https://en.wikipedia.org/w/index.php?oldid=612888660,Pietaster,False,"16:39, 28 October 2005",15.0,False,0.006386400960346923,True,0.9917157704701914
640229646,False,False,True,https://en.wikipedia.org/w/index.php?oldid=640229646,Kamran_bhat,False,"17:21, 27 November 2014",6.0,False,0.11042243072556107,True,0.9366552270769252
649117577,False,False,True,https://en.wikipedia.org/w/index.php?oldid=649117577,Izkala,False,"16:15, 4 November 2014",6.0,False,0.02343094499364915,True,0.9919817452605376
656101318,False,False,True,https://en.wikipedia.org/w/index.php?oldid=656101318,83.84.25.30,True,"10:16, 12 April 2015",5.0,False,0.3804784895832112,True,0.7356692941272415
624500384,False,False,True,https://en.wikipedia.org/w/index.php?oldid=624500384,BrillLyle,False,"18:50, 26 April 2013",7.0,False,0.007791556266624403,True,0.9955379370336084
641670637,False,False,True,https://en.wikipedia.org/w/index.php?oldid=641670637,50.131.153.242,True,"20:31, 21 September 2013",7.0,False,0.023449814739922668,True,0.9870749622627352
612331936,False,False,True,https://en.wikipedia.org/w/index.php?oldid=612331936,Filedelinkerbot,False,"11:49, 27 January 2014",6.0,False,0.0229378746729692,True,0.9859385166767696
626377545,False,False,True,https://en.wikipedia.org/w/index.php?oldid=626377545,Skol_fir,False,"16:18, 10 June 2009",11.0,False,0.029472911115827363,True,0.9877578652645184
609830049,False,False,True,https://en.wikipedia.org/w/index.php?oldid=609830049,91.140.176.246,True,"21:18, 7 February 2014",6.0,False,0.02724896378418536,True,0.9845107617865798
648502156,False,False,True,https://en.wikipedia.org/w/index.php?oldid=648502156,ClueBot_NG,False,"08:18, 28 October 2010",10.0,False,0.002267098134752207,True,0.9984504354883792
615996646,False,False,True,https://en.wikipedia.org/w/index.php?oldid=615996646,Kingryan227,False,"23:11, 25 March 2013",7.0,False,0.1420502956524234,True,0.9458599007632178
632389261,False,False,True,https://en.wikipedia.org/w/index.php?oldid=632389261,NationalRegisterBot,False,"18:37, 10 November 2013",7.0,False,0.007503121713359004,True,0.9965682370421814
612915014,False,False,True,https://en.wikipedia.org/w/index.php?oldid=612915014,178.59.66.56,True,"15:02, 14 June 2014",6.0,False,0.14079301002336744,True,0.9309390450415362
649241102,False,False,True,https://en.wikipedia.org/w/index.php?oldid=649241102,Ghmyrtle,False,"12:16, 30 June 2006",14.0,False,0.010544656994209856,True,0.9945250077410502
615867149,False,False,True,https://en.wikipedia.org/w/index.php?oldid=615867149,Imzadi1979,False,"06:24, 10 October 2005",15.0,False,0.010075623952279927,True,0.9917912134116428
622674606,False,False,True,https://en.wikipedia.org/w/index.php?oldid=622674606,WP_1.0_bot,False,"22:52, 4 February 2007",13.0,False,0.003454151500656021,True,0.997507735498602
609205486,False,False,True,https://en.wikipedia.org/w/index.php?oldid=609205486,Callanecc,False,"05:21, 30 August 2009",11.0,False,0.004169569927552475,True,0.9958412292003328
616381902,False,False,True,https://en.wikipedia.org/w/index.php?oldid=616381902,Maurice_Flesier,False,"16:15, 1 November 2011",9.0,False,0.028772617570986776,True,0.9751407775606727
630992042,False,False,True,https://en.wikipedia.org/w/index.php?oldid=630992042,110.169.129.89,True,"05:37, 17 September 2014",6.0,False,0.36463797382860463,True,0.7466210447932978
640313756,False,False,True,https://en.wikipedia.org/w/index.php?oldid=640313756,DiverDave,False,"22:29, 6 August 2008",12.0,False,0.014567857856596509,True,0.9936323295002925
635342065,False,False,True,https://en.wikipedia.org/w/index.php?oldid=635342065,2602:306:37eb:47e0:a152:b562:1af6:1af6,True,"05:31, 25 November 2014",6.0,False,0.3590369652930018,True,0.8001943457405869
639744902,False,False,True,https://en.wikipedia.org/w/index.php?oldid=639744902,Gaia_Octavia_Agrippa,False,"23:45, 2 September 2007",13.0,False,0.0072119172824707265,True,0.9956748693926359
607774504,False,False,True,https://en.wikipedia.org/w/index.php?oldid=607774504,Karlbroman,False,"13:48, 9 May 2014",6.0,False,0.15304953816660846,True,0.9085927490910726
631303370,False,False,True,https://en.wikipedia.org/w/index.php?oldid=631303370,Johnlp,False,"20:16, 25 July 2005",15.0,False,0.01649874192741688,True,0.9880001713660274
618655012,False,False,True,https://en.wikipedia.org/w/index.php?oldid=618655012,124.178.179.27,True,"11:57, 3 July 2014",6.0,False,0.2372330696206207,True,0.8534979999111708
621631601,False,False,True,https://en.wikipedia.org/w/index.php?oldid=621631601,Frietjes,False,"18:30, 14 January 2011",9.0,False,0.00436302864779421,True,0.997285892321644
626479413,False,False,True,https://en.wikipedia.org/w/index.php?oldid=626479413,Ugog_Nizdast,False,"02:54, 1 May 2013",7.0,False,0.0027409810661278163,True,0.9981226231401039
651421236,False,False,True,https://en.wikipedia.org/w/index.php?oldid=651421236,98.167.173.106,True,"00:16, 15 March 2015",5.0,False,0.033863582573874895,True,0.9724819513492572
626865037,False,False,True,https://en.wikipedia.org/w/index.php?oldid=626865037,Roylee1,False,"10:18, 8 September 2014",6.0,False,0.01859596667703057,True,0.9885403508665704
608343918,False,False,True,https://en.wikipedia.org/w/index.php?oldid=608343918,Guy1890,False,"23:42, 3 July 2008",12.0,False,0.02671358029235368,True,0.9744786282318084
605814547,False,False,True,https://en.wikipedia.org/w/index.php?oldid=605814547,66.210.242.5,True,"21:49, 13 February 2006",14.0,True,0.7346689838973715,False,0.3636596952669479
630452964,False,False,True,https://en.wikipedia.org/w/index.php?oldid=630452964,108.213.220.6,True,"01:02, 21 October 2014",6.0,False,0.4409390505852061,True,0.5495709464768156
627016972,False,False,True,https://en.wikipedia.org/w/index.php?oldid=627016972,StAnselm,False,"02:05, 2 April 2007",13.0,False,0.007476986711946144,True,0.9946804199601316
630292363,False,False,True,https://en.wikipedia.org/w/index.php?oldid=630292363,Lgcsmasamiya,False,"02:32, 24 October 2012",8.0,False,0.010101397566388734,True,0.9940261892720932
624633966,False,False,True,https://en.wikipedia.org/w/index.php?oldid=624633966,Dianteg1,False,"15:09, 4 September 2013",7.0,False,0.011643233981399421,True,0.99584351604479
656290141,False,False,True,https://en.wikipedia.org/w/index.php?oldid=656290141,Legobot,False,"17:56, 14 June 2008",12.0,False,0.003489661880938286,True,0.9979807137072936
604619486,False,False,True,https://en.wikipedia.org/w/index.php?oldid=604619486,NickCT,False,"20:31, 27 July 2007",13.0,False,0.0034680978563761053,True,0.9973142519882192
604302704,False,False,True,https://en.wikipedia.org/w/index.php?oldid=604302704,173.228.29.173,True,"20:24, 24 August 2013",7.0,True,0.6934252913401787,True,0.5131379074744913
620890299,False,False,True,https://en.wikipedia.org/w/index.php?oldid=620890299,116.202.129.250,True,"09:14, 12 August 2014",6.0,False,0.3855907883946527,True,0.7062371783673743
636719823,False,False,True,https://en.wikipedia.org/w/index.php?oldid=636719823,Bikeroo,False,"18:29, 17 August 2007",13.0,False,0.011239227979659486,True,0.9934251151237984
642398514,False,False,True,https://en.wikipedia.org/w/index.php?oldid=642398514,Mac_Dreamstate,False,"23:50, 11 April 2008",12.0,False,0.013185374194222872,True,0.9897632125350558
620237221,False,False,True,https://en.wikipedia.org/w/index.php?oldid=620237221,70.60.197.30,True,"14:03, 7 August 2014",6.0,False,0.08250790042552594,True,0.9585778378236058
653709181,False,False,True,https://en.wikipedia.org/w/index.php?oldid=653709181,Lowercase_sigmabot_III,False,"06:04, 30 September 2012",8.0,False,0.014307996497292447,True,0.9900514865337694
638500008,False,False,True,https://en.wikipedia.org/w/index.php?oldid=638500008,TimidGuy,False,"21:07, 1 September 2006",14.0,False,0.013634654601602226,True,0.9938507777654121
651284066,False,False,True,https://en.wikipedia.org/w/index.php?oldid=651284066,Bmf_051,False,"01:57, 15 May 2014",6.0,False,0.011969855539624251,True,0.9945999520833406
651870459,False,False,True,https://en.wikipedia.org/w/index.php?oldid=651870459,Molandfreak,False,"15:42, 5 January 2009",11.0,False,0.031134733636886663,True,0.9820855898468008
656093686,False,False,True,https://en.wikipedia.org/w/index.php?oldid=656093686,Yobot,False,"22:39, 17 June 2008",12.0,False,0.013016618790960171,True,0.9884982851408732
631336754,False,False,True,https://en.wikipedia.org/w/index.php?oldid=631336754,John_of_Reading,False,"11:49, 27 December 2009",11.0,False,0.007942930438506468,True,0.994578913224406
632870968,False,False,True,https://en.wikipedia.org/w/index.php?oldid=632870968,Olekinderhook,False,"21:53, 15 March 2010",10.0,False,0.057594910718814875,True,0.9636126068559924
646807308,False,False,True,https://en.wikipedia.org/w/index.php?oldid=646807308,Petropetro,False,"03:17, 30 June 2010",10.0,False,0.057153034747506215,True,0.9592894925633064
646830431,False,False,True,https://en.wikipedia.org/w/index.php?oldid=646830431,167.222.220.6,True,"20:20, 8 October 2012",8.0,False,0.3353668172229138,True,0.8499098496646483
622495588,False,False,True,https://en.wikipedia.org/w/index.php?oldid=622495588,67.184.97.178,True,"16:54, 2 May 2012",8.0,False,0.3803073541880367,True,0.7716727250528448
632678753,False,False,True,https://en.wikipedia.org/w/index.php?oldid=632678753,Widr,False,"18:08, 15 February 2011",9.0,False,0.002085041304333156,True,0.998476781666712
643711332,False,False,True,https://en.wikipedia.org/w/index.php?oldid=643711332,Smuckola,False,"01:02, 24 March 2010",10.0,False,0.003081852632826946,True,0.9976586568212586
630872597,False,False,True,https://en.wikipedia.org/w/index.php?oldid=630872597,2602:304:cce0:9f10:81b8:c3be:7599:6cc2,True,"01:26, 24 October 2014",6.0,True,0.755449328416664,False,0.2745308167738387
621197964,False,False,True,https://en.wikipedia.org/w/index.php?oldid=621197964,Hawkeye7,False,"01:21, 19 June 2005",15.0,False,0.0035404498502808967,True,0.9980010361423464
642351035,False,False,True,https://en.wikipedia.org/w/index.php?oldid=642351035,Bakerstmd,False,"01:59, 19 March 2007",13.0,False,0.0075277157926301455,True,0.9954177549455784
611798241,False,False,True,https://en.wikipedia.org/w/index.php?oldid=611798241,Kmotsoai,False,"07:44, 4 June 2014",6.0,False,0.07790395818473256,True,0.9706698707747876
652256353,False,False,True,https://en.wikipedia.org/w/index.php?oldid=652256353,MediaWiki_message_delivery,False,"18:15, 20 November 2013",7.0,False,0.003716525497314428,True,0.9977981566391464
625541611,False,False,True,https://en.wikipedia.org/w/index.php?oldid=625541611,Eruditescholar,False,"15:59, 21 September 2011",9.0,False,0.006485389774917952,True,0.9946387271327044
625761971,False,False,True,https://en.wikipedia.org/w/index.php?oldid=625761971,BattyBot,False,"00:11, 30 December 2011",9.0,False,0.008154231749146217,True,0.9918162888408704
627896798,False,False,True,https://en.wikipedia.org/w/index.php?oldid=627896798,Drmies,False,"02:57, 30 August 2007",13.0,False,0.012071885910624613,True,0.9978740383351096
608010176,False,False,True,https://en.wikipedia.org/w/index.php?oldid=608010176,Master_of_Time,False,"03:58, 25 February 2013",7.0,False,0.012090848691212493,True,0.9905665552706658
608566123,False,False,True,https://en.wikipedia.org/w/index.php?oldid=608566123,Darkfrog24,False,"03:34, 30 November 2006",14.0,False,0.0065097479493512155,True,0.9959850612155136
642386928,False,False,True,https://en.wikipedia.org/w/index.php?oldid=642386928,Bakete,False,"15:58, 23 October 2013",7.0,False,0.011078434299583837,True,0.9939265903193424
604569433,False,False,True,https://en.wikipedia.org/w/index.php?oldid=604569433,DPL_bot,False,"17:54, 2 October 2011",9.0,False,0.003973505399668448,True,0.9970453040385828
627545554,False,False,True,https://en.wikipedia.org/w/index.php?oldid=627545554,Chris_the_speller,False,"20:40, 24 October 2005",15.0,False,0.013076117378724328,True,0.9922812690358638
620631214,False,False,True,https://en.wikipedia.org/w/index.php?oldid=620631214,Junperson,False,"10:52, 9 August 2014",6.0,False,0.037867757906175296,True,0.9861948445137472
647299179,False,False,True,https://en.wikipedia.org/w/index.php?oldid=647299179,Gecksu,False,"11:28, 15 February 2015",5.0,False,0.07045047393804972,True,0.9654139913737682
647319615,False,False,True,https://en.wikipedia.org/w/index.php?oldid=647319615,Onel5969,False,"03:51, 6 November 2009",11.0,False,0.0049205556173877295,True,0.9955668314981708
655395025,False,False,True,https://en.wikipedia.org/w/index.php?oldid=655395025,82.6.19.179,True,"19:44, 7 April 2015",5.0,True,0.6738906937465752,False,0.4543878103638193
648181662,False,False,True,https://en.wikipedia.org/w/index.php?oldid=648181662,Pibwl,False,"19:11, 28 October 2003",17.0,False,0.004517243321672251,True,0.9979092190213059
619480813,False,False,True,https://en.wikipedia.org/w/index.php?oldid=619480813,IronGargoyle,False,"18:28, 21 January 2006",14.0,False,0.019395137102852573,True,0.9858638107696972
630571095,False,False,True,https://en.wikipedia.org/w/index.php?oldid=630571095,97.104.214.217,True,"19:48, 26 August 2014",6.0,False,0.4236956137907541,True,0.6923682947171481
625651920,False,False,True,https://en.wikipedia.org/w/index.php?oldid=625651920,Dervorguilla,False,"11:23, 28 January 2008",12.0,False,0.006107915469539839,True,0.9946032409134048
611005001,False,False,True,https://en.wikipedia.org/w/index.php?oldid=611005001,Sandbergja,False,"23:27, 21 November 2011",9.0,False,0.008981606667580857,True,0.9922273221626884
641584077,False,False,True,https://en.wikipedia.org/w/index.php?oldid=641584077,Mike_Cline,False,"15:22, 3 January 2007",13.0,False,0.020948802119648783,True,0.9847084894258514
607567771,False,False,True,https://en.wikipedia.org/w/index.php?oldid=607567771,Cydebot,False,"01:25, 7 April 2006",14.0,False,0.007638391651327214,True,0.9938974228396008
616911107,False,False,True,https://en.wikipedia.org/w/index.php?oldid=616911107,195.194.15.21,True,"10:44, 2 July 2014",6.0,True,0.7408476647407835,False,0.3102066598167586
611086689,False,False,True,https://en.wikipedia.org/w/index.php?oldid=611086689,Rhododendrites,False,"03:25, 25 October 2007",13.0,False,0.00589950859007722,True,0.9947851411700468
643549090,False,False,True,https://en.wikipedia.org/w/index.php?oldid=643549090,Chenais,False,"14:05, 21 July 2004",16.0,False,0.026452320866412617,True,0.9860679950779768
638128028,False,False,True,https://en.wikipedia.org/w/index.php?oldid=638128028,Ser_Amantio_di_Nicolao,False,"20:58, 4 January 2006",14.0,False,0.009940636674657336,True,0.9936672174099341
625275905,False,False,True,https://en.wikipedia.org/w/index.php?oldid=625275905,Ezhiki,False,"20:22, 1 March 2004",16.0,False,0.013340345248690618,True,0.9913897640931876
621929410,False,False,True,https://en.wikipedia.org/w/index.php?oldid=621929410,Ritchie333,False,"15:44, 10 December 2005",15.0,False,0.003426539148284677,True,0.9977687650452696
631864176,False,False,True,https://en.wikipedia.org/w/index.php?oldid=631864176,Amalthea_(bot),False,"19:40, 6 July 2011",9.0,False,0.0056678835538178035,True,0.9943954117999158
628422003,False,False,True,https://en.wikipedia.org/w/index.php?oldid=628422003,Dl2000,False,"05:50, 11 February 2006",14.0,False,0.010048603365234006,True,0.9918328379701864
611888052,False,False,True,https://en.wikipedia.org/w/index.php?oldid=611888052,Littlekelv,False,"00:34, 5 February 2014",6.0,False,0.012307074585092871,True,0.9942371447589512
623170348,False,False,True,https://en.wikipedia.org/w/index.php?oldid=623170348,Cloverleaf_II,False,"18:04, 4 November 2011",9.0,False,0.005915946698919954,True,0.9960696649840328
620581310,False,False,True,https://en.wikipedia.org/w/index.php?oldid=620581310,Lowercase_sigmabot_III,False,"06:04, 30 September 2012",8.0,False,0.01321452855319877,True,0.9924179974833136
649867005,False,False,True,https://en.wikipedia.org/w/index.php?oldid=649867005,ThaddeusB,False,"13:32, 18 August 2008",12.0,False,0.0037623072903629103,True,0.9972267528286684
632216060,False,False,True,https://en.wikipedia.org/w/index.php?oldid=632216060,Gabrielkat,False,"20:14, 1 March 2006",14.0,False,0.03700641788400591,True,0.9849941793394712
609885616,False,False,True,https://en.wikipedia.org/w/index.php?oldid=609885616,Nikkimaria,False,"00:20, 8 August 2005",15.0,False,0.020364591864197847,True,0.9859670506817666
633914106,False,False,True,https://en.wikipedia.org/w/index.php?oldid=633914106,Huangdan2060,False,"17:04, 21 January 2012",8.0,False,0.00786815101988964,True,0.9964014139090532
656419405,False,False,True,https://en.wikipedia.org/w/index.php?oldid=656419405,Northmetpit,False,"14:02, 28 October 2006",14.0,False,0.009284941256678707,True,0.9923837507690298
627083004,False,False,True,https://en.wikipedia.org/w/index.php?oldid=627083004,Jolicnikola,False,"19:21, 11 March 2010",10.0,False,0.011645378001106812,True,0.9915276156673146
634343036,False,False,True,https://en.wikipedia.org/w/index.php?oldid=634343036,Rms125a@hotmail.com,False,"23:04, 9 August 2005",15.0,False,0.012813417864187987,True,0.9964679564371814
617963114,False,False,True,https://en.wikipedia.org/w/index.php?oldid=617963114,217.155.184.22,True,"08:43, 22 July 2014",6.0,False,0.2838751315203031,True,0.8693178007885218
606489654,False,False,True,https://en.wikipedia.org/w/index.php?oldid=606489654,Calvin999,False,"16:51, 7 July 2009",11.0,False,0.006909068599465352,True,0.9951426177609086
654669570,False,False,True,https://en.wikipedia.org/w/index.php?oldid=654669570,Hjhkdagc,False,"18:14, 2 April 2015",5.0,True,0.5566657041975477,True,0.5442447382388141
646279717,False,False,True,https://en.wikipedia.org/w/index.php?oldid=646279717,WP_1.0_bot,False,"22:52, 4 February 2007",13.0,False,0.0049482460735619715,True,0.9958992660257856
645896037,False,False,True,https://en.wikipedia.org/w/index.php?oldid=645896037,Dweller,False,"08:27, 16 September 2005",15.0,False,0.004122205513383973,True,0.9974838201070632
646846077,False,False,True,https://en.wikipedia.org/w/index.php?oldid=646846077,Awesomemii,False,"20:44, 12 February 2015",5.0,False,0.0918969988660526,True,0.9574673181884332
653028545,False,False,True,https://en.wikipedia.org/w/index.php?oldid=653028545,Mossley8,False,"14:02, 10 March 2012",8.0,False,0.03557548497892112,True,0.9733826215924716
645482971,False,False,True,https://en.wikipedia.org/w/index.php?oldid=645482971,Eddie_Nixon,False,"11:51, 5 June 2009",11.0,False,0.008652806275170236,True,0.9935829611399892
616004018,False,False,True,https://en.wikipedia.org/w/index.php?oldid=616004018,Riffle,False,"02:14, 18 June 2006",14.0,False,0.021301103575207786,True,0.9854888723398502
615804961,False,False,True,https://en.wikipedia.org/w/index.php?oldid=615804961,ClueBot_NG,False,"08:18, 28 October 2010",10.0,False,0.002267098134752207,True,0.9984471660322544
621031602,False,False,True,https://en.wikipedia.org/w/index.php?oldid=621031602,Ottohintze,False,"08:53, 13 August 2014",6.0,False,0.3040234271957383,True,0.8426742653361008
621942222,False,False,True,https://en.wikipedia.org/w/index.php?oldid=621942222,86.180.6.70,True,"16:23, 18 August 2014",6.0,False,0.1971657026964335,True,0.8612130776422353
632992553,False,False,True,https://en.wikipedia.org/w/index.php?oldid=632992553,177.200.49.211,True,"21:04, 4 October 2014",6.0,False,0.11983730508341756,True,0.9475596619505644
650056878,False,False,True,https://en.wikipedia.org/w/index.php?oldid=650056878,I_dream_of_horses,False,"20:46, 13 May 2009",11.0,False,0.0031476580367660397,True,0.9974657952090162
633951397,False,False,True,https://en.wikipedia.org/w/index.php?oldid=633951397,Legobot,False,"17:56, 14 June 2008",12.0,False,0.0205930208260294,True,0.9875010812185576
631811805,False,False,True,https://en.wikipedia.org/w/index.php?oldid=631811805,Harvzsf,False,"07:15, 10 May 2005",15.0,False,0.018580443225041158,True,0.9929556844593074
650161604,False,False,True,https://en.wikipedia.org/w/index.php?oldid=650161604,Unreal7,False,"20:30, 15 May 2010",10.0,False,0.010461665566667763,True,0.9929647953717572
621847923,False,False,True,https://en.wikipedia.org/w/index.php?oldid=621847923,StringTheory11,False,"01:37, 7 April 2010",10.0,False,0.010034527947832288,True,0.9920121607486004
